{"assets/.DS_Store":["assets/.DS_Store"],"assets/app_icons/backside_card_id.png":["assets/app_icons/backside_card_id.png"],"assets/app_icons/font_card_id.png":["assets/app_icons/font_card_id.png"],"assets/icon/application.png":["assets/icon/application.png"],"assets/icon/avatar.png":["assets/icon/avatar.png"],"assets/icon/blog.png":["assets/icon/blog.png"],"assets/icon/bookmark.png":["assets/icon/bookmark.png"],"assets/icon/building.png":["assets/icon/building.png"],"assets/icon/bussiness-man.png":["assets/icon/bussiness-man.png"],"assets/icon/buy.png":["assets/icon/buy.png"],"assets/icon/buy2.png":["assets/icon/buy2.png"],"assets/icon/cash.png":["assets/icon/cash.png"],"assets/icon/coupon.png":["assets/icon/coupon.png"],"assets/icon/customer-service.png":["assets/icon/customer-service.png"],"assets/icon/customer.png":["assets/icon/customer.png"],"assets/icon/dslr-camera.png":["assets/icon/dslr-camera.png"],"assets/icon/envelope.png":["assets/icon/envelope.png"],"assets/icon/error.png":["assets/icon/error.png"],"assets/icon/fees.png":["assets/icon/fees.png"],"assets/icon/follow.png":["assets/icon/follow.png"],"assets/icon/group.png":["assets/icon/group.png"],"assets/icon/home.png":["assets/icon/home.png"],"assets/icon/hotline.png":["assets/icon/hotline.png"],"assets/icon/house.png":["assets/icon/house.png"],"assets/icon/humidity.png":["assets/icon/humidity.png"],"assets/icon/image.png":["assets/icon/image.png"],"assets/icon/info.png":["assets/icon/info.png"],"assets/icon/logout.png":["assets/icon/logout.png"],"assets/icon/maker.png":["assets/icon/maker.png"],"assets/icon/note.png":["assets/icon/note.png"],"assets/icon/notification.png":["assets/icon/notification.png"],"assets/icon/notifications.png":["assets/icon/notifications.png"],"assets/icon/parking-area.png":["assets/icon/parking-area.png"],"assets/icon/parking.png":["assets/icon/parking.png"],"assets/icon/password.png":["assets/icon/password.png"],"assets/icon/picture.png":["assets/icon/picture.png"],"assets/icon/post.png":["assets/icon/post.png"],"assets/icon/promote.png":["assets/icon/promote.png"],"assets/icon/question.png":["assets/icon/question.png"],"assets/icon/ranking.png":["assets/icon/ranking.png"],"assets/icon/reward.png":["assets/icon/reward.png"],"assets/icon/room.png":["assets/icon/room.png"],"assets/icon/select_house.png":["assets/icon/select_house.png"],"assets/icon/settings.png":["assets/icon/settings.png"],"assets/icon/sos.png":["assets/icon/sos.png"],"assets/icon/success.png":["assets/icon/success.png"],"assets/icon/target_house.png":["assets/icon/target_house.png"],"assets/icon/transaction.png":["assets/icon/transaction.png"],"assets/icon/user_info.png":["assets/icon/user_info.png"],"assets/icon/villa.png":["assets/icon/villa.png"],"assets/icon/wallet.png":["assets/icon/wallet.png"],"assets/icon/warning.png":["assets/icon/warning.png"],"assets/images/banner.png":["assets/images/banner.png"],"assets/images/empty.png":["assets/images/empty.png"],"assets/images/en.png":["assets/images/en.png"],"assets/images/flag_usa.png":["assets/images/flag_usa.png"],"assets/images/flag_vn.png":["assets/images/flag_vn.png"],"assets/images/flag_vn_2.png":["assets/images/flag_vn_2.png"],"assets/images/img1.jpg":["assets/images/img1.jpg"],"assets/images/login_bottom.png":["assets/images/login_bottom.png"],"assets/images/logo_ires.png":["assets/images/logo_ires.png"],"assets/images/logo_tings.png":["assets/images/logo_tings.png"],"assets/images/ma-icon.png":["assets/images/ma-icon.png"],"assets/images/main_bottom.png":["assets/images/main_bottom.png"],"assets/images/main_top.png":["assets/images/main_top.png"],"assets/images/not-found.png":["assets/images/not-found.png"],"assets/images/sakura.png":["assets/images/sakura.png"],"assets/images/us.png":["assets/images/us.png"],"assets/images/user_avatar_2.png":["assets/images/user_avatar_2.png"],"assets/images/vn.png":["assets/images/vn.png"],"assets/img1.jpg":["assets/img1.jpg","assets/images/img1.jpg"],"assets/launch_icon.png":["assets/launch_icon.png"],"assets/logo.jpg":["assets/logo.jpg"],"assets/logo_fhr.png":["assets/logo_fhr.png"],"assets/money.png":["assets/money.png"],"assets/sakura.png":["assets/sakura.png","assets/images/sakura.png"],"packages/cupertino_icons/assets/CupertinoIcons.ttf":["packages/cupertino_icons/assets/CupertinoIcons.ttf"],"packages/fluttertoast/assets/toastify.css":["packages/fluttertoast/assets/toastify.css"],"packages/fluttertoast/assets/toastify.js":["packages/fluttertoast/assets/toastify.js"],"packages/font_awesome_flutter/lib/fonts/fa-brands-400.ttf":["packages/font_awesome_flutter/lib/fonts/fa-brands-400.ttf"],"packages/font_awesome_flutter/lib/fonts/fa-regular-400.ttf":["packages/font_awesome_flutter/lib/fonts/fa-regular-400.ttf"],"packages/font_awesome_flutter/lib/fonts/fa-solid-900.ttf":["packages/font_awesome_flutter/lib/fonts/fa-solid-900.ttf"],"packages/iconsax/lib/assets/fonts/iconsax.ttf":["packages/iconsax/lib/assets/fonts/iconsax.ttf"],"packages/material_design_icons_flutter/lib/fonts/materialdesignicons-webfont.ttf":["packages/material_design_icons_flutter/lib/fonts/materialdesignicons-webfont.ttf"]}